{"cameraMode":{"drawMode":0,"name":"Shaded","section":"Shading Mode"},"sceneLighting":false,"audioPlay":false,"sceneViewState":{"showFog":true,"showMaterialUpdate":false,"showSkybox":false,"showFlares":true,"showImageEffects":true,"showParticleSystems":true},"in2DMode":false,"pivot":{"x":-1.953251838684082,"y":-2.8040084838867189,"z":2.206005096435547},"rotation":{"x":-0.13921411335468293,"y":0.20543219149112702,"z":-0.029731543734669687,"w":-0.968471884727478},"size":0.9115473628044128,"orthographic":false}