{"cameraMode":{"drawMode":0,"name":"Shaded","section":"Shading Mode"},"sceneLighting":false,"audioPlay":false,"sceneViewState":{"showFog":true,"showMaterialUpdate":false,"showSkybox":false,"showFlares":true,"showImageEffects":true,"showParticleSystems":true},"in2DMode":false,"pivot":{"x":0.0,"y":2.540717840194702,"z":-0.013204753398895264},"rotation":{"x":-0.02451314963400364,"y":-0.9677140712738037,"z":0.10375379025936127,"w":-0.22851429879665376},"size":2.8111467361450197,"orthographic":false}