{"cameraMode":{"drawMode":0,"name":"Shaded","section":"Shading Mode"},"sceneLighting":false,"audioPlay":false,"sceneViewState":{"showFog":true,"showMaterialUpdate":false,"showSkybox":false,"showFlares":true,"showImageEffects":true,"showParticleSystems":true},"in2DMode":false,"pivot":{"x":0.0,"y":-0.005931476131081581,"z":0.0000673830509185791},"rotation":{"x":0.00004361559695098549,"y":-0.9972004294395447,"z":0.07524164021015167,"w":0.0006071800016798079},"size":0.05601078271865845,"orthographic":false}