{"cameraMode":{"drawMode":0,"name":"Shaded","section":"Shading Mode"},"sceneLighting":true,"audioPlay":false,"sceneViewState":{"showFog":true,"showMaterialUpdate":false,"showSkybox":false,"showFlares":true,"showImageEffects":true,"showParticleSystems":true},"in2DMode":false,"pivot":{"x":1.1920928955078126e-7,"y":0.5000001192092896,"z":0.0},"rotation":{"x":0.0012087877839803696,"y":0.9984620809555054,"z":-0.05038277432322502,"w":0.02966799959540367},"size":2.124871253967285,"orthographic":false}