{"cameraMode":{"drawMode":0,"name":"Shaded","section":"Shading Mode"},"sceneLighting":true,"audioPlay":false,"sceneViewState":{"showFog":true,"showMaterialUpdate":false,"showSkybox":false,"showFlares":true,"showImageEffects":true,"showParticleSystems":true},"in2DMode":false,"pivot":{"x":1.1920928955078126e-7,"y":1.0250000953674317,"z":0.0},"rotation":{"x":-0.0026782185304909946,"y":0.7237911820411682,"z":0.0024087983183562757,"w":0.690260112285614},"size":2.76145339012146,"orthographic":false}