{"cameraMode":{"drawMode":0,"name":"Shaded","section":"Shading Mode"},"sceneLighting":false,"audioPlay":false,"sceneViewState":{"showFog":true,"showMaterialUpdate":false,"showSkybox":false,"showFlares":true,"showImageEffects":true,"showParticleSystems":true},"in2DMode":false,"pivot":{"x":-0.6596210598945618,"y":1.9667859077453614,"z":-6.302469730377197},"rotation":{"x":0.0011217431165277958,"y":-0.998526930809021,"z":0.05127992853522301,"w":0.021574661135673524},"size":6.707108020782471,"orthographic":false}