{"cameraMode":{"drawMode":0,"name":"Shaded","section":"Shading Mode"},"sceneLighting":false,"audioPlay":false,"sceneViewState":{"showFog":true,"showMaterialUpdate":false,"showSkybox":false,"showFlares":true,"showImageEffects":true,"showParticleSystems":true},"in2DMode":false,"pivot":{"x":0.8784812092781067,"y":2.0681793689727785,"z":-0.2680872082710266},"rotation":{"x":-0.05227332189679146,"y":-0.8983699083328247,"z":0.11134012788534165,"w":-0.42171841859817507},"size":2.355724334716797,"orthographic":false}